Workbook

Sheet Summary
A1: Starbucks-Style Sales Data Analysis
A2: Practice project | Microsoft Excel | Data Analysis
A4: IMPORTANT: this workbook uses SAMPLE (simulated) data created for practice. It is not real Starbucks sales data.
A6: Objective
A7: Examine revenue and product sales for a coffee shop in Michigan over a 3-month period (Aug-Oct 2025), find sales patterns, and estimate daily sales for products such as the Cappuccino and the Pumpkin Spice Latte.
A9: Key Findings (calculated live from the Analysis sheet)
A10: Total revenue | B10: =Analysis!D13 -> 171765.3
A11: Total units sold | B11: =Analysis!C13 -> 35644
A12: Top product by revenue | B12: =INDEX(Analysis!A5:A12,MATCH(MAX(Analysis!D5:D12),Analysis!D5:D12,0)) -> Caffe Latte
A13: Top product's share of revenue | B13: =MAX(Analysis!E5:E12) -> 0.18066251
A14: Busiest day of the week (avg revenue) | B14: =INDEX(Analysis!A19:A25,MATCH(MAX(Analysis!B19:B25),Analysis!B19:B25,0)) -> Sat
A15: Slowest day of the week (avg revenue) | B15: =INDEX(Analysis!A19:A25,MATCH(MIN(Analysis!B19:B25),Analysis!B19:B25,0)) -> Tue
A16: Pumpkin Spice Latte: avg daily units | B16: =Analysis!F10 -> 74.462687
A17: Pumpkin Spice Latte: est. daily sales | B17: =Analysis!G10 -> 428.16045
A18: Cappuccino: avg daily units | B18: =Analysis!F6 -> 50.228261
A19: Cappuccino: est. daily sales | B19: =Analysis!G6 -> 238.58424
A21: Method
A22: 1. Built a daily sales table (Sales Data): one row per product per day, with date, units sold, unit price, and revenue.
A23: 2. Used SUMIFS, COUNTIFS, AVERAGEIFS and INDEX/MATCH formulas to summarize by product, day of week, and month.
A24: 3. Estimated daily sales per product as average daily units x unit price.
A25: 4. Built charts to show revenue by product, weekday patterns, and the daily revenue trend.
A27: Assumptions
A28: Data is simulated with a fixed random seed: weekends sell more, cold drinks decline as weather cools, and the Pumpkin Spice Latte launches on 2025-08-26 and ramps up.
A29: Unit prices are approximate and set on the Products sheet (blue cells). Change a price or a units value (blue) and every summary updates.
A30: To use real data, replace the Units Sold column in Sales Data with your own numbers.

Sheet Products
A1: Product | B1: Category | C1: Unit Price ($)
A2: Caffe Latte | B2: Hot Espresso | C2: 4.95
A3: Cappuccino | B3: Hot Espresso | C3: 4.75
A4: Caramel Macchiato | B4: Hot Espresso | C4: 5.45
A5: Americano | B5: Hot Espresso | C5: 3.75
A6: Mocha | B6: Hot Espresso | C6: 5.25
A7: Pumpkin Spice Latte | B7: Seasonal | C7: 5.75
A8: Iced Coffee | B8: Cold Drinks | C8: 3.95
A9: Cold Brew | B9: Cold Drinks | C9: 4.45
A11: Blue cells are assumed inputs. Prices are approximate menu prices chosen for this practice project, not official Starbucks data.

Sheet Sales Data
A1: Date | B1: Day | C1: Month | D1: Product | E1: Category | F1: Unit Price ($) | G1: Units Sold | H1: Revenue ($)
A2: 45870 | B2: =TEXT(A2,"ddd") -> Fri | C2: =TEXT(A2,"mmm") -> Aug | D2: Caffe Latte | E2: =INDEX(Products!$B$2:$B$9,MATCH(D2,Products!$A$2:$A$9,0)) -> Hot Espresso | F2: =INDEX(Products!$C$2:$C$9,MATCH(D2,Products!$A$2:$A$9,0)) -> 4.95 | G2: 55 | H2: =F2*G2 -> 272.25
A3: 45870 | B3: =TEXT(A3,"ddd") -> Fri | C3: =TEXT(A3,"mmm") -> Aug | D3: Cappuccino | E3: =INDEX(Products!$B$2:$B$9,MATCH(D3,Products!$A$2:$A$9,0)) -> Hot Espresso | F3: =INDEX(Products!$C$2:$C$9,MATCH(D3,Products!$A$2:$A$9,0)) -> 4.75 | G3: 47 | H3: =F3*G3 -> 223.25
A4: 45870 | B4: =TEXT(A4,"ddd") -> Fri | C4: =TEXT(A4,"mmm") -> Aug | D4: Caramel Macchiato | E4: =INDEX(Products!$B$2:$B$9,MATCH(D4,Products!$A$2:$A$9,0)) -> Hot Espresso | F4: =INDEX(Products!$C$2:$C$9,MATCH(D4,Products!$A$2:$A$9,0)) -> 5.45 | G4: 37 | H4: =F4*G4 -> 201.65
A5: 45870 | B5: =TEXT(A5,"ddd") -> Fri | C5: =TEXT(A5,"mmm") -> Aug | D5: Americano | E5: =INDEX(Products!$B$2:$B$9,MATCH(D5,Products!$A$2:$A$9,0)) -> Hot Espresso | F5: =INDEX(Products!$C$2:$C$9,MATCH(D5,Products!$A$2:$A$9,0)) -> 3.75 | G5: 32 | H5: =F5*G5 -> 120
A6: 45870 | B6: =TEXT(A6,"ddd") -> Fri | C6: =TEXT(A6,"mmm") -> Aug | D6: Mocha | E6: =INDEX(Products!$B$2:$B$9,MATCH(D6,Products!$A$2:$A$9,0)) -> Hot Espresso | F6: =INDEX(Products!$C$2:$C$9,MATCH(D6,Products!$A$2:$A$9,0)) -> 5.25 | G6: 29 | H6: =F6*G6 -> 152.25
A7: 45870 | B7: =TEXT(A7,"ddd") -> Fri | C7: =TEXT(A7,"mmm") -> Aug | D7: Iced Coffee | E7: =INDEX(Products!$B$2:$B$9,MATCH(D7,Products!$A$2:$A$9,0)) -> Cold Drinks | F7: =INDEX(Products!$C$2:$C$9,MATCH(D7,Products!$A$2:$A$9,0)) -> 3.95 | G7: 64 | H7: =F7*G7 -> 252.8
A8: 45870 | B8: =TEXT(A8,"ddd") -> Fri | C8: =TEXT(A8,"mmm") -> Aug | D8: Cold Brew | E8: =INDEX(Products!$B$2:$B$9,MATCH(D8,Products!$A$2:$A$9,0)) -> Cold Drinks | F8: =INDEX(Products!$C$2:$C$9,MATCH(D8,Products!$A$2:$A$9,0)) -> 4.45 | G8: 56 | H8: =F8*G8 -> 249.2
A9: 45871 | B9: =TEXT(A9,"ddd") -> Sat | C9: =TEXT(A9,"mmm") -> Aug | D9: Caffe Latte | E9: =INDEX(Products!$B$2:$B$9,MATCH(D9,Products!$A$2:$A$9,0)) -> Hot Espresso | F9: =INDEX(Products!$C$2:$C$9,MATCH(D9,Products!$A$2:$A$9,0)) -> 4.95 | G9: 65 | H9: =F9*G9 -> 321.75
A10: 45871 | B10: =TEXT(A10,"ddd") -> Sat | C10: =TEXT(A10,"mmm") -> Aug | D10: Cappuccino | E10: =INDEX(Products!$B$2:$B$9,MATCH(D10,Products!$A$2:$A$9,0)) -> Hot Espresso | F10: =INDEX(Products!$C$2:$C$9,MATCH(D10,Products!$A$2:$A$9,0)) -> 4.75 | G10: 56 | H10: =F10*G10 -> 266
A11: 45871 | B11: =TEXT(A11,"ddd") -> Sat | C11: =TEXT(A11,"mmm") -> Aug | D11: Caramel Macchiato | E11: =INDEX(Products!$B$2:$B$9,MATCH(D11,Products!$A$2:$A$9,0)) -> Hot Espresso | F11: =INDEX(Products!$C$2:$C$9,MATCH(D11,Products!$A$2:$A$9,0)) -> 5.45 | G11: 44 | H11: =F11*G11 -> 239.8
A12: 45871 | B12: =TEXT(A12,"ddd") -> Sat | C12: =TEXT(A12,"mmm") -> Aug | D12: Americano | E12: =INDEX(Products!$B$2:$B$9,MATCH(D12,Products!$A$2:$A$9,0)) -> Hot Espresso | F12: =INDEX(Products!$C$2:$C$9,MATCH(D12,Products!$A$2:$A$9,0)) -> 3.75 | G12: 36 | H12: =F12*G12 -> 135
A13: 45871 | B13: =TEXT(A13,"ddd") -> Sat | C13: =TEXT(A13,"mmm") -> Aug | D13: Mocha | E13: =INDEX(Products!$B$2:$B$9,MATCH(D13,Products!$A$2:$A$9,0)) -> Hot Espresso | F13: =INDEX(Products!$C$2:$C$9,MATCH(D13,Products!$A$2:$A$9,0)) -> 5.25 | G13: 38 | H13: =F13*G13 -> 199.5
... A712: 45961 | B712: =TEXT(A712,"ddd") -> Fri | C712: =TEXT(A712,"mmm") -> Oct | D712: Cold Brew | E712: =INDEX(Products!$B$2:$B$9,MATCH(D712,Products!$A$2:$A$9,0)) -> Cold Drinks | F712: =INDEX(Products!$C$2:$C$9,MATCH(D712,Products!$A$2:$A$9,0)) -> 4.45 | G712: 29 | H712: =F712*G712 -> 129.05

Sheet Daily Totals
A1: Date | B1: Day | C1: Total Revenue ($) | D1: Total Units | E1: Month
A2: 45870 | B2: =TEXT(A2,"ddd") -> Fri | C2: =SUMIFS('Sales Data'!$H$2:$H$712,'Sales Data'!$A$2:$A$712,A2) -> 1471.4 | D2: =SUMIFS('Sales Data'!$G$2:$G$712,'Sales Data'!$A$2:$A$712,A2) -> 320 | E2: =TEXT(A2,"mmm") -> Aug
A3: 45871 | B3: =TEXT(A3,"ddd") -> Sat | C3: =SUMIFS('Sales Data'!$H$2:$H$712,'Sales Data'!$A$2:$A$712,A3) -> 1806.8 | D3: =SUMIFS('Sales Data'!$G$2:$G$712,'Sales Data'!$A$2:$A$712,A3) -> 394 | E3: =TEXT(A3,"mmm") -> Aug
A4: 45872 | B4: =TEXT(A4,"ddd") -> Sun | C4: =SUMIFS('Sales Data'!$H$2:$H$712,'Sales Data'!$A$2:$A$712,A4) -> 1641 | D4: =SUMIFS('Sales Data'!$G$2:$G$712,'Sales Data'!$A$2:$A$712,A4) -> 358 | E4: =TEXT(A4,"mmm") -> Aug
A5: 45873 | B5: =TEXT(A5,"ddd") -> Mon | C5: =SUMIFS('Sales Data'!$H$2:$H$712,'Sales Data'!$A$2:$A$712,A5) -> 1492.6 | D5: =SUMIFS('Sales Data'!$G$2:$G$712,'Sales Data'!$A$2:$A$712,A5) -> 326 | E5: =TEXT(A5,"mmm") -> Aug
A6: 45874 | B6: =TEXT(A6,"ddd") -> Tue | C6: =SUMIFS('Sales Data'!$H$2:$H$712,'Sales Data'!$A$2:$A$712,A6) -> 1433.15 | D6: =SUMIFS('Sales Data'!$G$2:$G$712,'Sales Data'!$A$2:$A$712,A6) -> 311 | E6: =TEXT(A6,"mmm") -> Aug
A7: 45875 | B7: =TEXT(A7,"ddd") -> Wed | C7: =SUMIFS('Sales Data'!$H$2:$H$712,'Sales Data'!$A$2:$A$712,A7) -> 1504.4 | D7: =SUMIFS('Sales Data'!$G$2:$G$712,'Sales Data'!$A$2:$A$712,A7) -> 328 | E7: =TEXT(A7,"mmm") -> Aug
A8: 45876 | B8: =TEXT(A8,"ddd") -> Thu | C8: =SUMIFS('Sales Data'!$H$2:$H$712,'Sales Data'!$A$2:$A$712,A8) -> 1546.9 | D8: =SUMIFS('Sales Data'!$G$2:$G$712,'Sales Data'!$A$2:$A$712,A8) -> 336 | E8: =TEXT(A8,"mmm") -> Aug
A9: 45877 | B9: =TEXT(A9,"ddd") -> Fri | C9: =SUMIFS('Sales Data'!$H$2:$H$712,'Sales Data'!$A$2:$A$712,A9) -> 1466.45 | D9: =SUMIFS('Sales Data'!$G$2:$G$712,'Sales Data'!$A$2:$A$712,A9) -> 317 | E9: =TEXT(A9,"mmm") -> Aug
A10: 45878 | B10: =TEXT(A10,"ddd") -> Sat | C10: =SUMIFS('Sales Data'!$H$2:$H$712,'Sales Data'!$A$2:$A$712,A10) -> 1832.95 | D10: =SUMIFS('Sales Data'!$G$2:$G$712,'Sales Data'!$A$2:$A$712,A10) -> 397 | E10: =TEXT(A10,"mmm") -> Aug
A11: 45879 | B11: =TEXT(A11,"ddd") -> Sun | C11: =SUMIFS('Sales Data'!$H$2:$H$712,'Sales Data'!$A$2:$A$712,A11) -> 1640.35 | D11: =SUMIFS('Sales Data'!$G$2:$G$712,'Sales Data'!$A$2:$A$712,A11) -> 357 | E11: =TEXT(A11,"mmm") -> Aug
A12: 45880 | B12: =TEXT(A12,"ddd") -> Mon | C12: =SUMIFS('Sales Data'!$H$2:$H$712,'Sales Data'!$A$2:$A$712,A12) -> 1553.7 | D12: =SUMIFS('Sales Data'!$G$2:$G$712,'Sales Data'!$A$2:$A$712,A12) -> 336 | E12: =TEXT(A12,"mmm") -> Aug
A13: 45881 | B13: =TEXT(A13,"ddd") -> Tue | C13: =SUMIFS('Sales Data'!$H$2:$H$712,'Sales Data'!$A$2:$A$712,A13) -> 1432.85 | D13: =SUMIFS('Sales Data'!$G$2:$G$712,'Sales Data'!$A$2:$A$712,A13) -> 309 | E13: =TEXT(A13,"mmm") -> Aug
... A93: 45961 | B93: =TEXT(A93,"ddd") -> Fri | C93: =SUMIFS('Sales Data'!$H$2:$H$712,'Sales Data'!$A$2:$A$712,A93) -> 1957.25 | D93: =SUMIFS('Sales Data'!$G$2:$G$712,'Sales Data'!$A$2:$A$712,A93) -> 395 | E93: =TEXT(A93,"mmm") -> Oct

Sheet Analysis
A1: Sales Analysis
A3: 1. Product Performance
A4: Product | B4: Category | C4: Units Sold | D4: Revenue ($) | E4: % of Revenue | F4: Avg Daily Units | G4: Est. Daily Sales ($)
A5: Caffe Latte | B5: =INDEX(Products!$B$2:$B$9,MATCH(A5,Products!$A$2:$A$9,0)) -> Hot Espresso | C5: =SUMIFS('Sales Data'!$G$2:$G$712,'Sales Data'!$D$2:$D$712,A5) -> 6269 | D5: =SUMIFS('Sales Data'!$H$2:$H$712,'Sales Data'!$D$2:$D$712,A5) -> 31031.55 | E5: =D5/$D$13 -> 0.18066251 | F5: =C5/COUNTIFS('Sales Data'!$D$2:$D$712,A5) -> 68.141304 | G5: =F5*INDEX(Products!$C$2:$C$9,MATCH(A5,Products!$A$2:$A$9,0)) -> 337.29946
A6: Cappuccino | B6: =INDEX(Products!$B$2:$B$9,MATCH(A6,Products!$A$2:$A$9,0)) -> Hot Espresso | C6: =SUMIFS('Sales Data'!$G$2:$G$712,'Sales Data'!$D$2:$D$712,A6) -> 4621 | D6: =SUMIFS('Sales Data'!$H$2:$H$712,'Sales Data'!$D$2:$D$712,A6) -> 21949.75 | E6: =D6/$D$13 -> 0.1277892 | F6: =C6/COUNTIFS('Sales Data'!$D$2:$D$712,A6) -> 50.228261 | G6: =F6*INDEX(Products!$C$2:$C$9,MATCH(A6,Products!$A$2:$A$9,0)) -> 238.58424
A7: Caramel Macchiato | B7: =INDEX(Products!$B$2:$B$9,MATCH(A7,Products!$A$2:$A$9,0)) -> Hot Espresso | C7: =SUMIFS('Sales Data'!$G$2:$G$712,'Sales Data'!$D$2:$D$712,A7) -> 4155 | D7: =SUMIFS('Sales Data'!$H$2:$H$712,'Sales Data'!$D$2:$D$712,A7) -> 22644.75 | E7: =D7/$D$13 -> 0.13183542 | F7: =C7/COUNTIFS('Sales Data'!$D$2:$D$712,A7) -> 45.163043 | G7: =F7*INDEX(Products!$C$2:$C$9,MATCH(A7,Products!$A$2:$A$9,0)) -> 246.13859
A8: Americano | B8: =INDEX(Products!$B$2:$B$9,MATCH(A8,Products!$A$2:$A$9,0)) -> Hot Espresso | C8: =SUMIFS('Sales Data'!$G$2:$G$712,'Sales Data'!$D$2:$D$712,A8) -> 2836 | D8: =SUMIFS('Sales Data'!$H$2:$H$712,'Sales Data'!$D$2:$D$712,A8) -> 10635 | E8: =D8/$D$13 -> 0.061915882 | F8: =C8/COUNTIFS('Sales Data'!$D$2:$D$712,A8) -> 30.826087 | G8: =F8*INDEX(Products!$C$2:$C$9,MATCH(A8,Products!$A$2:$A$9,0)) -> 115.59783
A9: Mocha | B9: =INDEX(Products!$B$2:$B$9,MATCH(A9,Products!$A$2:$A$9,0)) -> Hot Espresso | C9: =SUMIFS('Sales Data'!$G$2:$G$712,'Sales Data'!$D$2:$D$712,A9) -> 3299 | D9: =SUMIFS('Sales Data'!$H$2:$H$712,'Sales Data'!$D$2:$D$712,A9) -> 17319.75 | E9: =D9/$D$13 -> 0.10083381 | F9: =C9/COUNTIFS('Sales Data'!$D$2:$D$712,A9) -> 35.858696 | G9: =F9*INDEX(Products!$C$2:$C$9,MATCH(A9,Products!$A$2:$A$9,0)) -> 188.25815
A10: Pumpkin Spice Latte | B10: =INDEX(Products!$B$2:$B$9,MATCH(A10,Products!$A$2:$A$9,0)) -> Seasonal | C10: =SUMIFS('Sales Data'!$G$2:$G$712,'Sales Data'!$D$2:$D$712,A10) -> 4989 | D10: =SUMIFS('Sales Data'!$H$2:$H$712,'Sales Data'!$D$2:$D$712,A10) -> 28686.75 | E10: =D10/$D$13 -> 0.16701132 | F10: =C10/COUNTIFS('Sales Data'!$D$2:$D$712,A10) -> 74.462687 | G10: =F10*INDEX(Products!$C$2:$C$9,MATCH(A10,Products!$A$2:$A$9,0)) -> 428.16045
A11: Iced Coffee | B11: =INDEX(Products!$B$2:$B$9,MATCH(A11,Products!$A$2:$A$9,0)) -> Cold Drinks | C11: =SUMIFS('Sales Data'!$G$2:$G$712,'Sales Data'!$D$2:$D$712,A11) -> 5332 | D11: =SUMIFS('Sales Data'!$H$2:$H$712,'Sales Data'!$D$2:$D$712,A11) -> 21061.4 | E11: =D11/$D$13 -> 0.12261732 | F11: =C11/COUNTIFS('Sales Data'!$D$2:$D$712,A11) -> 57.956522 | G11: =F11*INDEX(Products!$C$2:$C$9,MATCH(A11,Products!$A$2:$A$9,0)) -> 228.92826
A12: Cold Brew | B12: =INDEX(Products!$B$2:$B$9,MATCH(A12,Products!$A$2:$A$9,0)) -> Cold Drinks | C12: =SUMIFS('Sales Data'!$G$2:$G$712,'Sales Data'!$D$2:$D$712,A12) -> 4143 | D12: =SUMIFS('Sales Data'!$H$2:$H$712,'Sales Data'!$D$2:$D$712,A12) -> 18436.35 | E12: =D12/$D$13 -> 0.10733454 | F12: =C12/COUNTIFS('Sales Data'!$D$2:$D$712,A12) -> 45.032609 | G12: =F12*INDEX(Products!$C$2:$C$9,MATCH(A12,Products!$A$2:$A$9,0)) -> 200.39511
A13: Total | C13: =SUM(C5:C12) -> 35644 | D13: =SUM(D5:D12) -> 171765.3 | E13: =SUM(E5:E12) -> 1
A14: Avg Daily Units = total units / number of days the product was sold. Est. Daily Sales = Avg Daily Units x unit price.
A17: 2. Revenue by Day of Week
A18: Day | B18: Avg Daily Revenue ($) | C18: Total Revenue ($) | D18: Number of Days
A19: Mon | B19: =AVERAGEIFS('Daily Totals'!$C$2:$C$93,'Daily Totals'!$B$2:$B$93,A19) -> 1789.7577 | C19: =SUMIFS('Daily Totals'!$C$2:$C$93,'Daily Totals'!$B$2:$B$93,A19) -> 23266.85 | D19: =COUNTIFS('Daily Totals'!$B$2:$B$93,A19) -> 13
A20: Tue | B20: =AVERAGEIFS('Daily Totals'!$C$2:$C$93,'Daily Totals'!$B$2:$B$93,A20) -> 1778.6885 | C20: =SUMIFS('Daily Totals'!$C$2:$C$93,'Daily Totals'!$B$2:$B$93,A20) -> 23122.95 | D20: =COUNTIFS('Daily Totals'!$B$2:$B$93,A20) -> 13
A21: Wed | B21: =AVERAGEIFS('Daily Totals'!$C$2:$C$93,'Daily Totals'!$B$2:$B$93,A21) -> 1803.6808 | C21: =SUMIFS('Daily Totals'!$C$2:$C$93,'Daily Totals'!$B$2:$B$93,A21) -> 23447.85 | D21: =COUNTIFS('Daily Totals'!$B$2:$B$93,A21) -> 13
A22: Thu | B22: =AVERAGEIFS('Daily Totals'!$C$2:$C$93,'Daily Totals'!$B$2:$B$93,A22) -> 1806.5423 | C22: =SUMIFS('Daily Totals'!$C$2:$C$93,'Daily Totals'!$B$2:$B$93,A22) -> 23485.05 | D22: =COUNTIFS('Daily Totals'!$B$2:$B$93,A22) -> 13
A23: Fri | B23: =AVERAGEIFS('Daily Totals'!$C$2:$C$93,'Daily Totals'!$B$2:$B$93,A23) -> 1797.7821 | C23: =SUMIFS('Daily Totals'!$C$2:$C$93,'Daily Totals'!$B$2:$B$93,A23) -> 25168.95 | D23: =COUNTIFS('Daily Totals'!$B$2:$B$93,A23) -> 14
A24: Sat | B24: =AVERAGEIFS('Daily Totals'!$C$2:$C$93,'Daily Totals'!$B$2:$B$93,A24) -> 2130.9962 | C24: =SUMIFS('Daily Totals'!$C$2:$C$93,'Daily Totals'!$B$2:$B$93,A24) -> 27702.95 | D24: =COUNTIFS('Daily Totals'!$B$2:$B$93,A24) -> 13
A25: Sun | B25: =AVERAGEIFS('Daily Totals'!$C$2:$C$93,'Daily Totals'!$B$2:$B$93,A25) -> 1966.9769 | C25: =SUMIFS('Daily Totals'!$C$2:$C$93,'Daily Totals'!$B$2:$B$93,A25) -> 25570.7 | D25: =COUNTIFS('Daily Totals'!$B$2:$B$93,A25) -> 13
A28: 3. Revenue by Month
A29: Month | B29: Revenue ($) | C29: Units Sold | D29: Days | E29: Avg Daily Revenue ($)
A30: Aug | B30: =SUMIFS('Daily Totals'!$C$2:$C$93,'Daily Totals'!$E$2:$E$93,A30) -> 49755.8 | C30: =SUMIFS('Daily Totals'!$D$2:$D$93,'Daily Totals'!$E$2:$E$93,A30) -> 10748 | D30: =COUNTIFS('Daily Totals'!$E$2:$E$93,A30) -> 31 | E30: =B30/D30 -> 1605.0258
A31: Sep | B31: =SUMIFS('Daily Totals'!$C$2:$C$93,'Daily Totals'!$E$2:$E$93,A31) -> 59463 | C31: =SUMIFS('Daily Totals'!$D$2:$D$93,'Daily Totals'!$E$2:$E$93,A31) -> 12222 | D31: =COUNTIFS('Daily Totals'!$E$2:$E$93,A31) -> 30 | E31: =B31/D31 -> 1982.1
A32: Oct | B32: =SUMIFS('Daily Totals'!$C$2:$C$93,'Daily Totals'!$E$2:$E$93,A32) -> 62546.5 | C32: =SUMIFS('Daily Totals'!$D$2:$D$93,'Daily Totals'!$E$2:$E$93,A32) -> 12674 | D32: =COUNTIFS('Daily Totals'!$E$2:$E$93,A32) -> 31 | E32: =B32/D32 -> 2017.629
A35: 4. Pumpkin Spice Latte vs Cappuccino
A36: Metric | B36: Pumpkin Spice Latte | C36: Cappuccino
A37: Total units sold | B37: =C10 -> 4989 | C37: =C6 -> 4621
A38: Total revenue ($) | B38: =D10 -> 28686.75 | C38: =D6 -> 21949.75
A39: Avg daily units | B39: =F10 -> 74.462687 | C39: =F6 -> 50.228261
A40: Est. daily sales ($) | B40: =G10 -> 428.16045 | C40: =G6 -> 238.58424
